[{"model": "admin.logentry", "pk": 1, "fields": {"action_time": "2026-01-09T00:19:28.540Z", "user": 1, "content_type": 10, "object_id": "1", "object_repr": "clicks digitals", "action_flag": 1, "change_message": "[{\"added\": {}}]"}}, {"model": "admin.logentry", "pk": 2, "fields": {"action_time": "2026-01-09T00:19:58.091Z", "user": 1, "content_type": 7, "object_id": "1", "object_repr": "Abu Rakhia Plaza", "action_flag": 1, "change_message": "[{\"added\": {}}]"}}, {"model": "admin.logentry", "pk": 3, "fields": {"action_time": "2026-01-09T00:20:14.116Z", "user": 1, "content_type": 8, "object_id": "1", "object_repr": "Abu Rakhia Plaza - Ground Floor", "action_flag": 1, "change_message": "[{\"added\": {}}]"}}, {"model": "admin.logentry", "pk": 4, "fields": {"action_time": "2026-01-09T00:20:48.881Z", "user": 1, "content_type": 9, "object_id": "1", "object_repr": "101 (OCCUPIED)", "action_flag": 1, "change_message": "[{\"added\": {}}]"}}, {"model": "admin.logentry", "pk": 5, "fields": {"action_time": "2026-01-09T00:21:20.418Z", "user": 1, "content_type": 11, "object_id": "1", "object_repr": "Contract #1 - clicks digitals", "action_flag": 1, "change_message": "[{\"added\": {}}]"}}, {"model": "admin.logentry", "pk": 6, "fields": {"action_time": "2026-01-09T00:22:24.708Z", "user": 1, "content_type": 12, "object_id": "1", "object_repr": "INV-20001", "action_flag": 1, "change_message": "[{\"added\": {}}]"}}, {"model": "admin.logentry", "pk": 7, "fields": {"action_time": "2026-01-09T00:26:40.671Z", "user": 1, "content_type": 14, "object_id": "1", "object_repr": "PAY-1 for 20001", "action_flag": 1, "change_message": "[{\"added\": {}}]"}}, {"model": "admin.logentry", "pk": 8, "fields": {"action_time": "2026-01-09T00:27:23.726Z", "user": 1, "content_type": 14, "object_id": "2", "object_repr": "PAY-2 for 20001", "action_flag": 1, "change_message": "[{\"added\": {}}]"}}, {"model": "admin.logentry", "pk": 9, "fields": {"action_time": "2026-01-09T10:41:48.297Z", "user": 1, "content_type": 14, "object_id": "2", "object_repr": "PAY-2 for 20001", "action_flag": 3, "change_message": ""}}, {"model": "admin.logentry", "pk": 10, "fields": {"action_time": "2026-01-09T10:41:52.637Z", "user": 1, "content_type": 14, "object_id": "1", "object_repr": "PAY-1 for 20001", "action_flag": 3, "change_message": ""}}, {"model": "admin.logentry", "pk": 11, "fields": {"action_time": "2026-01-09T10:42:01.201Z", "user": 1, "content_type": 12, "object_id": "1", "object_repr": "INV-20001", "action_flag": 3, "change_message": ""}}, {"model": "admin.logentry", "pk": 12, "fields": {"action_time": "2026-01-09T10:44:36.092Z", "user": 1, "content_type": 14, "object_id": "3", "object_repr": "PAY-3 for INV-3-20260109-7BC5", "action_flag": 3, "change_message": ""}}, {"model": "admin.logentry", "pk": 13, "fields": {"action_time": "2026-01-09T10:45:11.748Z", "user": 1, "content_type": 12, "object_id": "2", "object_repr": "INV-INV-3-20260109-7BC5", "action_flag": 2, "change_message": "[{\"changed\": {\"fields\": [\"Status\"]}}]"}}, {"model": "admin.logentry", "pk": 14, "fields": {"action_time": "2026-01-09T10:45:24.509Z", "user": 1, "content_type": 12, "object_id": "2", "object_repr": "INV-INV-3-20260109-7BC5", "action_flag": 2, "change_message": "[{\"changed\": {\"fields\": [\"Status\"]}}]"}}, {"model": "auth.user", "pk": 1, "fields": {"password": "pbkdf2_sha256$600000$Ol2WKcHFbLYqWiZattnkE2$2kx7q6YQJytDf7Dwlji7gzOQmjJxub3fykaDb+xb5jo=", "last_login": "2026-01-09T00:16:04.654Z", "is_superuser": true, "username": "admin", "first_name": "", "last_name": "", "email": "", "is_staff": true, "is_active": true, "date_joined": "2026-01-09T00:14:53.852Z", "groups": [], "user_permissions": []}}, {"model": "auth.user", "pk": 2, "fields": {"password": "pbkdf2_sha256$600000$VCseYj7LMZx4w6MIwDLR2n$hGA7oTZ/KK6r1aUAsLaRhkMBhgNVeTctim0WFcevVhs=", "last_login": null, "is_superuser": false, "username": "ayham", "first_name": "ayham", "last_name": "herzallah", "email": "ayhamherzallah@gmail.com", "is_staff": false, "is_active": true, "date_joined": "2026-01-10T19:49:49.746Z", "groups": [], "user_permissions": []}}, {"model": "auth.user", "pk": 3, "fields": {"password": "pbkdf2_sha256$600000$Sn4dA2iSeSjX2TaKtCylse$P+vFF6eOedeIth9lYnsPb3w5CGdAtkxsNZp1ph6m5jE=", "last_login": null, "is_superuser": false, "username": "test", "first_name": "test", "last_name": "test", "email": "test@gmail.com", "is_staff": false, "is_active": true, "date_joined": "2026-01-10T19:53:32.026Z", "groups": [], "user_permissions": []}}, {"model": "sessions.session", "pk": "05tx3s22dywv4ws0rkry7nva5zi1gzv7", "fields": {"session_data": ".eJxVjMsOwiAQRf-FtSG8EZfu-w1khgGpGkhKuzL-uzbpQrf3nHNfLMK21riNvMSZ2IVJdvrdENIjtx3QHdqt89TbuszId4UfdPCpU35eD_fvoMKo39oaq0QoUjkFVAQaOGuRvRfgNIhE5LUla7TSqLAoDJg0oXQogwjkCnt_AMz-N7Q:1ve0Ae:IucthxLXkNvjxflbZvbSr3TNfm4wO8fh4cksFGSwqLI", "expire_date": "2026-01-23T00:16:04.655Z"}}, {"model": "users.userprofile", "pk": 1, "fields": {"user": 1, "role": "SUPER_ADMIN", "created_at": "2026-01-10T19:32:49.061Z"}}, {"model": "users.userprofile", "pk": 2, "fields": {"user": 2, "role": "ACCOUNTANT", "created_at": "2026-01-10T19:49:49.935Z"}}, {"model": "users.userprofile", "pk": 3, "fields": {"user": 3, "role": "MANAGER", "created_at": "2026-01-10T19:53:32.216Z"}}, {"model": "properties.building", "pk": 4, "fields": {"name": "أبو رخية بلازا", "address": "شارع المدينة المنورة، عمان", "total_area": "500.00", "created_at": "2026-01-09T15:36:54.098Z", "updated_at": "2026-01-09T15:36:54.098Z"}}, {"model": "properties.floor", "pk": 6, "fields": {"building": 4, "name": "الطابق الأول", "number": 1, "created_at": "2026-01-09T15:36:54.098Z", "updated_at": "2026-01-09T15:36:54.098Z"}}, {"model": "properties.floor", "pk": 7, "fields": {"building": 4, "name": "الطابق الثاني", "number": 2, "created_at": "2026-01-09T15:36:54.098Z", "updated_at": "2026-01-09T15:36:54.098Z"}}, {"model": "properties.unit", "pk": 8, "fields": {"floor": 6, "unit_number": "101", "unit_type": "RESIDENTIAL", "status": "OCCUPIED", "area": "150.00", "market_rent": "1000.00", "created_at": "2026-01-09T15:36:54.098Z", "updated_at": "2026-01-09T15:36:54.098Z"}}, {"model": "properties.unit", "pk": 9, "fields": {"floor": 6, "unit_number": "102", "unit_type": "RESIDENTIAL", "status": "OCCUPIED", "area": "200.00", "market_rent": "1500.00", "created_at": "2026-01-09T15:36:54.098Z", "updated_at": "2026-01-09T19:32:53.611Z"}}, {"model": "properties.unit", "pk": 10, "fields": {"floor": 7, "unit_number": "201", "unit_type": "RESIDENTIAL", "status": "OCCUPIED", "area": "180.00", "market_rent": "1200.00", "created_at": "2026-01-09T15:36:54.099Z", "updated_at": "2026-01-09T15:36:54.099Z"}}, {"model": "properties.unit", "pk": 11, "fields": {"floor": 7, "unit_number": "202", "unit_type": "COMMERCIAL", "status": "VACANT", "area": "120.00", "market_rent": "4000.00", "created_at": "2026-01-10T14:20:33.250Z", "updated_at": "2026-01-10T14:20:33.250Z"}}, {"model": "tenants.tenant", "pk": 7, "fields": {"name": "محمد أحمد", "tenant_type": "INDIVIDUAL", "national_id": "1234567890", "email": "mohamed@example.com", "phone": "+962791234567", "created_at": "2026-01-09T15:36:54.099Z", "updated_at": "2026-01-09T15:36:54.099Z"}}, {"model": "tenants.tenant", "pk": 8, "fields": {"name": "سارة خالد", "tenant_type": "INDIVIDUAL", "national_id": "0987654321", "email": "sara@example.com", "phone": "+962797654321", "created_at": "2026-01-09T15:36:54.099Z", "updated_at": "2026-01-09T15:36:54.099Z"}}, {"model": "tenants.contract", "pk": 8, "fields": {"tenant": 7, "unit": 8, "start_date": "2026-01-01", "end_date": "2027-01-01", "rent_amount": "1000.00", "payment_frequency": "MONTHLY", "security_deposit": "0.00", "status": "ACTIVE", "created_at": "2026-01-09T15:36:54.099Z", "updated_at": "2026-01-09T15:36:54.099Z"}}, {"model": "tenants.contract", "pk": 9, "fields": {"tenant": 8, "unit": 10, "start_date": "2026-01-01", "end_date": "2027-01-01", "rent_amount": "1200.00", "payment_frequency": "MONTHLY", "security_deposit": "0.00", "status": "ACTIVE", "created_at": "2026-01-09T15:36:54.099Z", "updated_at": "2026-01-09T15:36:54.099Z"}}, {"model": "tenants.contract", "pk": 10, "fields": {"tenant": 8, "unit": 9, "start_date": "2026-01-09", "end_date": "2027-01-09", "rent_amount": "300.00", "payment_frequency": "MONTHLY", "security_deposit": "0.00", "status": "ACTIVE", "created_at": "2026-01-09T19:32:53.586Z", "updated_at": "2026-01-09T19:32:53.587Z"}}, {"model": "billing.invoice", "pk": 32, "fields": {"contract": 8, "tenant": 7, "invoice_number": "INV-2026-001", "invoice_type": "RENT", "issue_date": "2026-01-05", "due_date": "2026-02-05", "total_amount": "1000.00", "paid_amount": "1000.00", "status": "PAID", "created_at": "2026-01-09T15:36:54.100Z", "updated_at": "2026-01-09T15:36:54.102Z"}}, {"model": "billing.invoice", "pk": 33, "fields": {"contract": 9, "tenant": 8, "invoice_number": "INV-2026-002", "invoice_type": "RENT", "issue_date": "2026-01-07", "due_date": "2026-02-07", "total_amount": "1200.00", "paid_amount": "1200.00", "status": "PAID", "created_at": "2026-01-09T15:36:54.103Z", "updated_at": "2026-01-10T19:15:10.816Z"}}, {"model": "billing.invoice", "pk": 34, "fields": {"contract": 8, "tenant": 7, "invoice_number": "INV-2026-003", "invoice_type": "RENT", "issue_date": "2026-02-05", "due_date": "2026-03-05", "total_amount": "1000.00", "paid_amount": "0.00", "status": "ISSUED", "created_at": "2026-01-09T15:36:54.104Z", "updated_at": "2026-01-09T15:36:54.104Z"}}, {"model": "billing.invoice", "pk": 35, "fields": {"contract": 9, "tenant": 8, "invoice_number": "INV-9-20260201-9AEB", "invoice_type": "RENT", "issue_date": "2026-01-01", "due_date": "2026-02-01", "total_amount": "1200.00", "paid_amount": "1200.00", "status": "PAID", "created_at": "2026-01-09T15:39:21.271Z", "updated_at": "2026-01-10T19:19:13.740Z"}}, {"model": "billing.invoice", "pk": 36, "fields": {"contract": 9, "tenant": 8, "invoice_number": "INV-9-20260301-7365", "invoice_type": "RENT", "issue_date": "2026-03-01", "due_date": "2026-03-01", "total_amount": "1200.00", "paid_amount": "0.00", "status": "DRAFT", "created_at": "2026-01-09T15:39:21.273Z", "updated_at": "2026-01-09T15:39:21.273Z"}}, {"model": "billing.invoice", "pk": 37, "fields": {"contract": 9, "tenant": 8, "invoice_number": "INV-9-20260401-E93D", "invoice_type": "RENT", "issue_date": "2026-04-01", "due_date": "2026-04-01", "total_amount": "1200.00", "paid_amount": "0.00", "status": "DRAFT", "created_at": "2026-01-09T15:39:21.273Z", "updated_at": "2026-01-09T15:39:21.273Z"}}, {"model": "billing.invoice", "pk": 38, "fields": {"contract": 9, "tenant": 8, "invoice_number": "INV-9-20260501-F944", "invoice_type": "RENT", "issue_date": "2026-05-01", "due_date": "2026-05-01", "total_amount": "1200.00", "paid_amount": "0.00", "status": "DRAFT", "created_at": "2026-01-09T15:39:21.273Z", "updated_at": "2026-01-09T15:39:21.273Z"}}, {"model": "billing.invoice", "pk": 39, "fields": {"contract": 9, "tenant": 8, "invoice_number": "INV-9-20260601-A130", "invoice_type": "RENT", "issue_date": "2026-06-01", "due_date": "2026-06-01", "total_amount": "1200.00", "paid_amount": "0.00", "status": "DRAFT", "created_at": "2026-01-09T15:39:21.274Z", "updated_at": "2026-01-09T15:39:21.274Z"}}, {"model": "billing.invoice", "pk": 40, "fields": {"contract": 10, "tenant": 8, "invoice_number": "INV-10-20260109-F6B0", "invoice_type": "RENT", "issue_date": "2026-01-09", "due_date": "2026-01-09", "total_amount": "300.00", "paid_amount": "0.00", "status": "ISSUED", "created_at": "2026-01-09T19:32:53.589Z", "updated_at": "2026-01-09T19:32:53.589Z"}}, {"model": "billing.invoice", "pk": 41, "fields": {"contract": 10, "tenant": 8, "invoice_number": "INV-10-20260209-A74A", "invoice_type": "RENT", "issue_date": "2026-02-09", "due_date": "2026-02-09", "total_amount": "300.00", "paid_amount": "150.00", "status": "PARTIALLY_PAID", "created_at": "2026-01-09T19:32:53.595Z", "updated_at": "2026-01-09T19:34:30.261Z"}}, {"model": "billing.invoice", "pk": 42, "fields": {"contract": 10, "tenant": 8, "invoice_number": "INV-10-20260309-ADAB", "invoice_type": "RENT", "issue_date": "2026-03-09", "due_date": "2026-03-09", "total_amount": "300.00", "paid_amount": "0.00", "status": "DRAFT", "created_at": "2026-01-09T19:32:53.595Z", "updated_at": "2026-01-09T19:32:53.595Z"}}, {"model": "billing.invoice", "pk": 43, "fields": {"contract": 10, "tenant": 8, "invoice_number": "INV-10-20260409-CF6C", "invoice_type": "RENT", "issue_date": "2026-04-09", "due_date": "2026-04-09", "total_amount": "300.00", "paid_amount": "0.00", "status": "DRAFT", "created_at": "2026-01-09T19:32:53.596Z", "updated_at": "2026-01-09T19:32:53.596Z"}}, {"model": "billing.invoice", "pk": 44, "fields": {"contract": 10, "tenant": 8, "invoice_number": "INV-10-20260509-029C", "invoice_type": "RENT", "issue_date": "2026-05-09", "due_date": "2026-05-09", "total_amount": "300.00", "paid_amount": "0.00", "status": "DRAFT", "created_at": "2026-01-09T19:32:53.596Z", "updated_at": "2026-01-09T19:32:53.596Z"}}, {"model": "billing.invoice", "pk": 45, "fields": {"contract": 10, "tenant": 8, "invoice_number": "INV-10-20260609-E534", "invoice_type": "RENT", "issue_date": "2026-06-09", "due_date": "2026-06-09", "total_amount": "300.00", "paid_amount": "0.00", "status": "DRAFT", "created_at": "2026-01-09T19:32:53.596Z", "updated_at": "2026-01-09T19:32:53.596Z"}}, {"model": "billing.invoice", "pk": 46, "fields": {"contract": 10, "tenant": 8, "invoice_number": "INV-10-20260709-F54D", "invoice_type": "RENT", "issue_date": "2026-07-09", "due_date": "2026-07-09", "total_amount": "300.00", "paid_amount": "0.00", "status": "DRAFT", "created_at": "2026-01-09T19:32:53.596Z", "updated_at": "2026-01-09T19:32:53.596Z"}}, {"model": "billing.invoice", "pk": 47, "fields": {"contract": 10, "tenant": 8, "invoice_number": "INV-10-20260809-D928", "invoice_type": "RENT", "issue_date": "2026-08-09", "due_date": "2026-08-09", "total_amount": "300.00", "paid_amount": "0.00", "status": "DRAFT", "created_at": "2026-01-09T19:32:53.597Z", "updated_at": "2026-01-09T19:32:53.597Z"}}, {"model": "billing.invoice", "pk": 48, "fields": {"contract": 10, "tenant": 8, "invoice_number": "INV-10-20260909-BA26", "invoice_type": "RENT", "issue_date": "2026-09-09", "due_date": "2026-09-09", "total_amount": "300.00", "paid_amount": "0.00", "status": "DRAFT", "created_at": "2026-01-09T19:32:53.597Z", "updated_at": "2026-01-09T19:32:53.597Z"}}, {"model": "billing.invoice", "pk": 49, "fields": {"contract": 10, "tenant": 8, "invoice_number": "INV-10-20261009-7B9B", "invoice_type": "RENT", "issue_date": "2026-10-09", "due_date": "2026-10-09", "total_amount": "300.00", "paid_amount": "0.00", "status": "DRAFT", "created_at": "2026-01-09T19:32:53.597Z", "updated_at": "2026-01-09T19:32:53.597Z"}}, {"model": "billing.invoice", "pk": 50, "fields": {"contract": 10, "tenant": 8, "invoice_number": "INV-10-20261109-0420", "invoice_type": "RENT", "issue_date": "2026-11-09", "due_date": "2026-11-09", "total_amount": "300.00", "paid_amount": "0.00", "status": "DRAFT", "created_at": "2026-01-09T19:32:53.598Z", "updated_at": "2026-01-09T19:32:53.598Z"}}, {"model": "billing.invoice", "pk": 51, "fields": {"contract": 10, "tenant": 8, "invoice_number": "INV-10-20261209-E91A", "invoice_type": "RENT", "issue_date": "2026-12-09", "due_date": "2026-12-09", "total_amount": "300.00", "paid_amount": "0.00", "status": "DRAFT", "created_at": "2026-01-09T19:32:53.598Z", "updated_at": "2026-01-09T19:32:53.598Z"}}, {"model": "billing.payment", "pk": 10, "fields": {"invoice": 32, "amount": "1000.00", "payment_date": "2026-01-10", "payment_method": "BANK", "reference_number": "PAY-2026-001", "created_at": "2026-01-09T15:36:54.101Z"}}, {"model": "billing.payment", "pk": 11, "fields": {"invoice": 33, "amount": "600.00", "payment_date": "2026-01-15", "payment_method": "CASH", "reference_number": "PAY-2026-002", "created_at": "2026-01-09T15:36:54.103Z"}}, {"model": "billing.payment", "pk": 12, "fields": {"invoice": 41, "amount": "150.00", "payment_date": "2026-01-09", "payment_method": "CASH", "reference_number": "PAY-04424AE6", "created_at": "2026-01-09T19:34:30.259Z"}}, {"model": "billing.payment", "pk": 13, "fields": {"invoice": 33, "amount": "600.00", "payment_date": "2026-01-10", "payment_method": "CHECK", "reference_number": "PAY-3AD98222", "created_at": "2026-01-10T19:15:10.815Z"}}, {"model": "billing.payment", "pk": 14, "fields": {"invoice": 35, "amount": "1200.00", "payment_date": "2026-01-10", "payment_method": "CHECK", "reference_number": "PAY-3ACDAD85", "created_at": "2026-01-10T19:19:13.738Z"}}, {"model": "billing.cheque", "pk": 1, "fields": {"payment": 13, "cheque_number": "000123", "bank_name": "Arab Bank", "drawer_name": "سارة خالد", "amount": "600.00", "cheque_date": "2026-01-15", "status": "CLEARED", "cheque_image": "", "cleared_date": "2026-01-10", "bounced_date": null, "bounce_reason": "", "note": "", "created_at": "2026-01-10T19:15:10.816Z", "updated_at": "2026-01-10T19:17:25.936Z"}}, {"model": "billing.cheque", "pk": 2, "fields": {"payment": 14, "cheque_number": "0001234", "bank_name": "Arab Bank", "drawer_name": "سارة خالد", "amount": "1200.00", "cheque_date": "2026-01-30", "status": "CLEARED", "cheque_image": "", "cleared_date": "2026-01-31", "bounced_date": null, "bounce_reason": "", "note": "", "created_at": "2026-01-10T19:19:13.740Z", "updated_at": "2026-01-10T19:20:27.559Z"}}, {"model": "expenses.expensecategory", "pk": 15, "fields": {"name": "صيانة", "description": "أعمال الصيانة"}}, {"model": "expenses.expensecategory", "pk": 16, "fields": {"name": "كهرباء", "description": "فواتير الكهرباء"}}, {"model": "expenses.expensecategory", "pk": 17, "fields": {"name": "نظافة", "description": "خدمات النظافة"}}, {"model": "expenses.expense", "pk": 8, "fields": {"building": 4, "unit": null, "category": 15, "description": "إصلاح مصعد", "vendor_name": "شركة المصاعد", "amount": "250.00", "expense_date": "2026-01-12", "invoice_reference": "", "created_at": "2026-01-09T15:36:54.105Z", "updated_at": "2026-01-09T15:36:54.105Z"}}, {"model": "expenses.expense", "pk": 9, "fields": {"building": 4, "unit": null, "category": 16, "description": "فاتورة كهرباء يناير", "vendor_name": "شركة الكهرباء الوطنية", "amount": "180.00", "expense_date": "2026-01-20", "invoice_reference": "", "created_at": "2026-01-09T15:36:54.106Z", "updated_at": "2026-01-09T15:36:54.106Z"}}, {"model": "expenses.expense", "pk": 10, "fields": {"building": 4, "unit": null, "category": 17, "description": "تنظيف المبنى", "vendor_name": "شركة النظافة المتقدمة", "amount": "120.00", "expense_date": "2026-01-25", "invoice_reference": "", "created_at": "2026-01-09T15:36:54.108Z", "updated_at": "2026-01-09T15:36:54.108Z"}}, {"model": "accounting.ledgerentry", "pk": 61, "fields": {"building": 4, "transaction_date": "2026-01-12", "description": "مصروف: إصلاح مصعد", "account_name": "صيانة", "account_type": "EXPENSE", "debit": "250.00", "credit": "0.00", "content_type": 15, "object_id": 8, "created_at": "2026-01-09T15:36:54.106Z"}}, {"model": "accounting.ledgerentry", "pk": 62, "fields": {"building": 4, "transaction_date": "2026-01-12", "description": "مصروف: إصلاح مصعد", "account_name": "Bank / Cash", "account_type": "ASSET", "debit": "0.00", "credit": "250.00", "content_type": 15, "object_id": 8, "created_at": "2026-01-09T15:36:54.106Z"}}, {"model": "accounting.ledgerentry", "pk": 63, "fields": {"building": 4, "transaction_date": "2026-01-20", "description": "مصروف: فاتورة كهرباء يناير", "account_name": "كهرباء", "account_type": "EXPENSE", "debit": "180.00", "credit": "0.00", "content_type": 15, "object_id": 9, "created_at": "2026-01-09T15:36:54.107Z"}}, {"model": "accounting.ledgerentry", "pk": 64, "fields": {"building": 4, "transaction_date": "2026-01-20", "description": "مصروف: فاتورة كهرباء يناير", "account_name": "Bank / Cash", "account_type": "ASSET", "debit": "0.00", "credit": "180.00", "content_type": 15, "object_id": 9, "created_at": "2026-01-09T15:36:54.107Z"}}, {"model": "accounting.ledgerentry", "pk": 65, "fields": {"building": 4, "transaction_date": "2026-01-25", "description": "مصروف: تنظيف المبنى", "account_name": "نظافة", "account_type": "EXPENSE", "debit": "120.00", "credit": "0.00", "content_type": 15, "object_id": 10, "created_at": "2026-01-09T15:36:54.108Z"}}, {"model": "accounting.ledgerentry", "pk": 66, "fields": {"building": 4, "transaction_date": "2026-01-25", "description": "مصروف: تنظيف المبنى", "account_name": "Bank / Cash", "account_type": "ASSET", "debit": "0.00", "credit": "120.00", "content_type": 15, "object_id": 10, "created_at": "2026-01-09T15:36:54.108Z"}}, {"model": "accounting.ledgerentry", "pk": 75, "fields": {"building": 4, "transaction_date": "2026-12-09", "description": "فاتورة صادرة: INV-10-20261209-E91A", "account_name": "Accounts Receivable", "account_type": "ASSET", "debit": "300.00", "credit": "0.00", "content_type": 12, "object_id": 51, "created_at": "2026-01-10T13:39:48.626Z"}}, {"model": "accounting.ledgerentry", "pk": 76, "fields": {"building": 4, "transaction_date": "2026-12-09", "description": "فاتورة صادرة: INV-10-20261209-E91A", "account_name": "Unearned Revenue", "account_type": "LIABILITY", "debit": "0.00", "credit": "300.00", "content_type": 12, "object_id": 51, "created_at": "2026-01-10T13:39:48.626Z"}}, {"model": "accounting.ledgerentry", "pk": 77, "fields": {"building": 4, "transaction_date": "2026-11-09", "description": "فاتورة صادرة: INV-10-20261109-0420", "account_name": "Accounts Receivable", "account_type": "ASSET", "debit": "300.00", "credit": "0.00", "content_type": 12, "object_id": 50, "created_at": "2026-01-10T13:39:48.629Z"}}, {"model": "accounting.ledgerentry", "pk": 78, "fields": {"building": 4, "transaction_date": "2026-11-09", "description": "فاتورة صادرة: INV-10-20261109-0420", "account_name": "Unearned Revenue", "account_type": "LIABILITY", "debit": "0.00", "credit": "300.00", "content_type": 12, "object_id": 50, "created_at": "2026-01-10T13:39:48.629Z"}}, {"model": "accounting.ledgerentry", "pk": 79, "fields": {"building": 4, "transaction_date": "2026-10-09", "description": "فاتورة صادرة: INV-10-20261009-7B9B", "account_name": "Accounts Receivable", "account_type": "ASSET", "debit": "300.00", "credit": "0.00", "content_type": 12, "object_id": 49, "created_at": "2026-01-10T13:39:48.631Z"}}, {"model": "accounting.ledgerentry", "pk": 80, "fields": {"building": 4, "transaction_date": "2026-10-09", "description": "فاتورة صادرة: INV-10-20261009-7B9B", "account_name": "Unearned Revenue", "account_type": "LIABILITY", "debit": "0.00", "credit": "300.00", "content_type": 12, "object_id": 49, "created_at": "2026-01-10T13:39:48.631Z"}}, {"model": "accounting.ledgerentry", "pk": 81, "fields": {"building": 4, "transaction_date": "2026-09-09", "description": "فاتورة صادرة: INV-10-20260909-BA26", "account_name": "Accounts Receivable", "account_type": "ASSET", "debit": "300.00", "credit": "0.00", "content_type": 12, "object_id": 48, "created_at": "2026-01-10T13:39:48.633Z"}}, {"model": "accounting.ledgerentry", "pk": 82, "fields": {"building": 4, "transaction_date": "2026-09-09", "description": "فاتورة صادرة: INV-10-20260909-BA26", "account_name": "Unearned Revenue", "account_type": "LIABILITY", "debit": "0.00", "credit": "300.00", "content_type": 12, "object_id": 48, "created_at": "2026-01-10T13:39:48.633Z"}}, {"model": "accounting.ledgerentry", "pk": 83, "fields": {"building": 4, "transaction_date": "2026-08-09", "description": "فاتورة صادرة: INV-10-20260809-D928", "account_name": "Accounts Receivable", "account_type": "ASSET", "debit": "300.00", "credit": "0.00", "content_type": 12, "object_id": 47, "created_at": "2026-01-10T13:39:48.635Z"}}, {"model": "accounting.ledgerentry", "pk": 84, "fields": {"building": 4, "transaction_date": "2026-08-09", "description": "فاتورة صادرة: INV-10-20260809-D928", "account_name": "Unearned Revenue", "account_type": "LIABILITY", "debit": "0.00", "credit": "300.00", "content_type": 12, "object_id": 47, "created_at": "2026-01-10T13:39:48.635Z"}}, {"model": "accounting.ledgerentry", "pk": 85, "fields": {"building": 4, "transaction_date": "2026-07-09", "description": "فاتورة صادرة: INV-10-20260709-F54D", "account_name": "Accounts Receivable", "account_type": "ASSET", "debit": "300.00", "credit": "0.00", "content_type": 12, "object_id": 46, "created_at": "2026-01-10T13:39:48.637Z"}}, {"model": "accounting.ledgerentry", "pk": 86, "fields": {"building": 4, "transaction_date": "2026-07-09", "description": "فاتورة صادرة: INV-10-20260709-F54D", "account_name": "Unearned Revenue", "account_type": "LIABILITY", "debit": "0.00", "credit": "300.00", "content_type": 12, "object_id": 46, "created_at": "2026-01-10T13:39:48.637Z"}}, {"model": "accounting.ledgerentry", "pk": 87, "fields": {"building": 4, "transaction_date": "2026-06-09", "description": "فاتورة صادرة: INV-10-20260609-E534", "account_name": "Accounts Receivable", "account_type": "ASSET", "debit": "300.00", "credit": "0.00", "content_type": 12, "object_id": 45, "created_at": "2026-01-10T13:39:48.639Z"}}, {"model": "accounting.ledgerentry", "pk": 88, "fields": {"building": 4, "transaction_date": "2026-06-09", "description": "فاتورة صادرة: INV-10-20260609-E534", "account_name": "Unearned Revenue", "account_type": "LIABILITY", "debit": "0.00", "credit": "300.00", "content_type": 12, "object_id": 45, "created_at": "2026-01-10T13:39:48.639Z"}}, {"model": "accounting.ledgerentry", "pk": 89, "fields": {"building": 4, "transaction_date": "2026-06-01", "description": "فاتورة صادرة: INV-9-20260601-A130", "account_name": "Accounts Receivable", "account_type": "ASSET", "debit": "1200.00", "credit": "0.00", "content_type": 12, "object_id": 39, "created_at": "2026-01-10T13:39:48.641Z"}}, {"model": "accounting.ledgerentry", "pk": 90, "fields": {"building": 4, "transaction_date": "2026-06-01", "description": "فاتورة صادرة: INV-9-20260601-A130", "account_name": "Unearned Revenue", "account_type": "LIABILITY", "debit": "0.00", "credit": "1200.00", "content_type": 12, "object_id": 39, "created_at": "2026-01-10T13:39:48.641Z"}}, {"model": "accounting.ledgerentry", "pk": 91, "fields": {"building": 4, "transaction_date": "2026-05-09", "description": "فاتورة صادرة: INV-10-20260509-029C", "account_name": "Accounts Receivable", "account_type": "ASSET", "debit": "300.00", "credit": "0.00", "content_type": 12, "object_id": 44, "created_at": "2026-01-10T13:39:48.643Z"}}, {"model": "accounting.ledgerentry", "pk": 92, "fields": {"building": 4, "transaction_date": "2026-05-09", "description": "فاتورة صادرة: INV-10-20260509-029C", "account_name": "Unearned Revenue", "account_type": "LIABILITY", "debit": "0.00", "credit": "300.00", "content_type": 12, "object_id": 44, "created_at": "2026-01-10T13:39:48.643Z"}}, {"model": "accounting.ledgerentry", "pk": 93, "fields": {"building": 4, "transaction_date": "2026-05-01", "description": "فاتورة صادرة: INV-9-20260501-F944", "account_name": "Accounts Receivable", "account_type": "ASSET", "debit": "1200.00", "credit": "0.00", "content_type": 12, "object_id": 38, "created_at": "2026-01-10T13:39:48.645Z"}}, {"model": "accounting.ledgerentry", "pk": 94, "fields": {"building": 4, "transaction_date": "2026-05-01", "description": "فاتورة صادرة: INV-9-20260501-F944", "account_name": "Unearned Revenue", "account_type": "LIABILITY", "debit": "0.00", "credit": "1200.00", "content_type": 12, "object_id": 38, "created_at": "2026-01-10T13:39:48.645Z"}}, {"model": "accounting.ledgerentry", "pk": 95, "fields": {"building": 4, "transaction_date": "2026-04-09", "description": "فاتورة صادرة: INV-10-20260409-CF6C", "account_name": "Accounts Receivable", "account_type": "ASSET", "debit": "300.00", "credit": "0.00", "content_type": 12, "object_id": 43, "created_at": "2026-01-10T13:39:48.647Z"}}, {"model": "accounting.ledgerentry", "pk": 96, "fields": {"building": 4, "transaction_date": "2026-04-09", "description": "فاتورة صادرة: INV-10-20260409-CF6C", "account_name": "Unearned Revenue", "account_type": "LIABILITY", "debit": "0.00", "credit": "300.00", "content_type": 12, "object_id": 43, "created_at": "2026-01-10T13:39:48.647Z"}}, {"model": "accounting.ledgerentry", "pk": 97, "fields": {"building": 4, "transaction_date": "2026-04-01", "description": "فاتورة صادرة: INV-9-20260401-E93D", "account_name": "Accounts Receivable", "account_type": "ASSET", "debit": "1200.00", "credit": "0.00", "content_type": 12, "object_id": 37, "created_at": "2026-01-10T13:39:48.649Z"}}, {"model": "accounting.ledgerentry", "pk": 98, "fields": {"building": 4, "transaction_date": "2026-04-01", "description": "فاتورة صادرة: INV-9-20260401-E93D", "account_name": "Unearned Revenue", "account_type": "LIABILITY", "debit": "0.00", "credit": "1200.00", "content_type": 12, "object_id": 37, "created_at": "2026-01-10T13:39:48.649Z"}}, {"model": "accounting.ledgerentry", "pk": 99, "fields": {"building": 4, "transaction_date": "2026-03-09", "description": "فاتورة صادرة: INV-10-20260309-ADAB", "account_name": "Accounts Receivable", "account_type": "ASSET", "debit": "300.00", "credit": "0.00", "content_type": 12, "object_id": 42, "created_at": "2026-01-10T13:39:48.651Z"}}, {"model": "accounting.ledgerentry", "pk": 100, "fields": {"building": 4, "transaction_date": "2026-03-09", "description": "فاتورة صادرة: INV-10-20260309-ADAB", "account_name": "Unearned Revenue", "account_type": "LIABILITY", "debit": "0.00", "credit": "300.00", "content_type": 12, "object_id": 42, "created_at": "2026-01-10T13:39:48.651Z"}}, {"model": "accounting.ledgerentry", "pk": 101, "fields": {"building": 4, "transaction_date": "2026-03-01", "description": "فاتورة صادرة: INV-9-20260301-7365", "account_name": "Accounts Receivable", "account_type": "ASSET", "debit": "1200.00", "credit": "0.00", "content_type": 12, "object_id": 36, "created_at": "2026-01-10T13:39:48.653Z"}}, {"model": "accounting.ledgerentry", "pk": 102, "fields": {"building": 4, "transaction_date": "2026-03-01", "description": "فاتورة صادرة: INV-9-20260301-7365", "account_name": "Unearned Revenue", "account_type": "LIABILITY", "debit": "0.00", "credit": "1200.00", "content_type": 12, "object_id": 36, "created_at": "2026-01-10T13:39:48.653Z"}}, {"model": "accounting.ledgerentry", "pk": 103, "fields": {"building": 4, "transaction_date": "2026-02-09", "description": "فاتورة صادرة: INV-10-20260209-A74A", "account_name": "Accounts Receivable", "account_type": "ASSET", "debit": "300.00", "credit": "0.00", "content_type": 12, "object_id": 41, "created_at": "2026-01-10T13:39:48.655Z"}}, {"model": "accounting.ledgerentry", "pk": 104, "fields": {"building": 4, "transaction_date": "2026-02-09", "description": "فاتورة صادرة: INV-10-20260209-A74A", "account_name": "Unearned Revenue", "account_type": "LIABILITY", "debit": "0.00", "credit": "300.00", "content_type": 12, "object_id": 41, "created_at": "2026-01-10T13:39:48.655Z"}}, {"model": "accounting.ledgerentry", "pk": 105, "fields": {"building": 4, "transaction_date": "2026-02-05", "description": "فاتورة صادرة: INV-2026-003", "account_name": "Accounts Receivable", "account_type": "ASSET", "debit": "1000.00", "credit": "0.00", "content_type": 12, "object_id": 34, "created_at": "2026-01-10T13:39:48.658Z"}}, {"model": "accounting.ledgerentry", "pk": 106, "fields": {"building": 4, "transaction_date": "2026-02-05", "description": "فاتورة صادرة: INV-2026-003", "account_name": "Unearned Revenue", "account_type": "LIABILITY", "debit": "0.00", "credit": "1000.00", "content_type": 12, "object_id": 34, "created_at": "2026-01-10T13:39:48.658Z"}}, {"model": "accounting.ledgerentry", "pk": 107, "fields": {"building": 4, "transaction_date": "2026-01-09", "description": "فاتورة صادرة: INV-10-20260109-F6B0", "account_name": "Accounts Receivable", "account_type": "ASSET", "debit": "300.00", "credit": "0.00", "content_type": 12, "object_id": 40, "created_at": "2026-01-10T13:39:48.660Z"}}, {"model": "accounting.ledgerentry", "pk": 108, "fields": {"building": 4, "transaction_date": "2026-01-09", "description": "فاتورة صادرة: INV-10-20260109-F6B0", "account_name": "Unearned Revenue", "account_type": "LIABILITY", "debit": "0.00", "credit": "300.00", "content_type": 12, "object_id": 40, "created_at": "2026-01-10T13:39:48.660Z"}}, {"model": "accounting.ledgerentry", "pk": 109, "fields": {"building": 4, "transaction_date": "2026-01-07", "description": "فاتورة صادرة: INV-2026-002", "account_name": "Accounts Receivable", "account_type": "ASSET", "debit": "1200.00", "credit": "0.00", "content_type": 12, "object_id": 33, "created_at": "2026-01-10T13:39:48.662Z"}}, {"model": "accounting.ledgerentry", "pk": 110, "fields": {"building": 4, "transaction_date": "2026-01-07", "description": "فاتورة صادرة: INV-2026-002", "account_name": "Unearned Revenue", "account_type": "LIABILITY", "debit": "0.00", "credit": "1200.00", "content_type": 12, "object_id": 33, "created_at": "2026-01-10T13:39:48.662Z"}}, {"model": "accounting.ledgerentry", "pk": 111, "fields": {"building": 4, "transaction_date": "2026-01-05", "description": "فاتورة صادرة: INV-2026-001", "account_name": "Accounts Receivable", "account_type": "ASSET", "debit": "1000.00", "credit": "0.00", "content_type": 12, "object_id": 32, "created_at": "2026-01-10T13:39:48.665Z"}}, {"model": "accounting.ledgerentry", "pk": 112, "fields": {"building": 4, "transaction_date": "2026-01-05", "description": "فاتورة صادرة: INV-2026-001", "account_name": "Unearned Revenue", "account_type": "LIABILITY", "debit": "0.00", "credit": "1000.00", "content_type": 12, "object_id": 32, "created_at": "2026-01-10T13:39:48.665Z"}}, {"model": "accounting.ledgerentry", "pk": 113, "fields": {"building": 4, "transaction_date": "2026-01-01", "description": "فاتورة صادرة: INV-9-20260201-9AEB", "account_name": "Accounts Receivable", "account_type": "ASSET", "debit": "1200.00", "credit": "0.00", "content_type": 12, "object_id": 35, "created_at": "2026-01-10T13:39:48.667Z"}}, {"model": "accounting.ledgerentry", "pk": 114, "fields": {"building": 4, "transaction_date": "2026-01-01", "description": "فاتورة صادرة: INV-9-20260201-9AEB", "account_name": "Unearned Revenue", "account_type": "LIABILITY", "debit": "0.00", "credit": "1200.00", "content_type": 12, "object_id": 35, "created_at": "2026-01-10T13:39:48.667Z"}}, {"model": "accounting.ledgerentry", "pk": 115, "fields": {"building": 4, "transaction_date": "2026-01-10", "description": "دفعة مستلمة: PAY-2026-001", "account_name": "Bank / Cash", "account_type": "ASSET", "debit": "1000.00", "credit": "0.00", "content_type": 14, "object_id": 10, "created_at": "2026-01-10T13:39:48.671Z"}}, {"model": "accounting.ledgerentry", "pk": 116, "fields": {"building": 4, "transaction_date": "2026-01-10", "description": "دفعة مستلمة: PAY-2026-001", "account_name": "Accounts Receivable", "account_type": "ASSET", "debit": "0.00", "credit": "1000.00", "content_type": 14, "object_id": 10, "created_at": "2026-01-10T13:39:48.671Z"}}, {"model": "accounting.ledgerentry", "pk": 117, "fields": {"building": 4, "transaction_date": "2026-01-10", "description": "دفعة مستلمة: PAY-2026-001", "account_name": "Unearned Revenue", "account_type": "LIABILITY", "debit": "1000.00", "credit": "0.00", "content_type": 14, "object_id": 10, "created_at": "2026-01-10T13:39:48.671Z"}}, {"model": "accounting.ledgerentry", "pk": 118, "fields": {"building": 4, "transaction_date": "2026-01-10", "description": "دفعة مستلمة: PAY-2026-001", "account_name": "Rental Income", "account_type": "REVENUE", "debit": "0.00", "credit": "1000.00", "content_type": 14, "object_id": 10, "created_at": "2026-01-10T13:39:48.671Z"}}, {"model": "accounting.ledgerentry", "pk": 119, "fields": {"building": 4, "transaction_date": "2026-01-15", "description": "دفعة مستلمة: PAY-2026-002", "account_name": "Bank / Cash", "account_type": "ASSET", "debit": "600.00", "credit": "0.00", "content_type": 14, "object_id": 11, "created_at": "2026-01-10T13:39:48.674Z"}}, {"model": "accounting.ledgerentry", "pk": 120, "fields": {"building": 4, "transaction_date": "2026-01-15", "description": "دفعة مستلمة: PAY-2026-002", "account_name": "Accounts Receivable", "account_type": "ASSET", "debit": "0.00", "credit": "600.00", "content_type": 14, "object_id": 11, "created_at": "2026-01-10T13:39:48.674Z"}}, {"model": "accounting.ledgerentry", "pk": 121, "fields": {"building": 4, "transaction_date": "2026-01-15", "description": "دفعة مستلمة: PAY-2026-002", "account_name": "Unearned Revenue", "account_type": "LIABILITY", "debit": "600.00", "credit": "0.00", "content_type": 14, "object_id": 11, "created_at": "2026-01-10T13:39:48.674Z"}}, {"model": "accounting.ledgerentry", "pk": 122, "fields": {"building": 4, "transaction_date": "2026-01-15", "description": "دفعة مستلمة: PAY-2026-002", "account_name": "Rental Income", "account_type": "REVENUE", "debit": "0.00", "credit": "600.00", "content_type": 14, "object_id": 11, "created_at": "2026-01-10T13:39:48.674Z"}}, {"model": "accounting.ledgerentry", "pk": 123, "fields": {"building": 4, "transaction_date": "2026-01-09", "description": "دفعة مستلمة: PAY-04424AE6", "account_name": "Bank / Cash", "account_type": "ASSET", "debit": "150.00", "credit": "0.00", "content_type": 14, "object_id": 12, "created_at": "2026-01-10T13:39:48.677Z"}}, {"model": "accounting.ledgerentry", "pk": 124, "fields": {"building": 4, "transaction_date": "2026-01-09", "description": "دفعة مستلمة: PAY-04424AE6", "account_name": "Accounts Receivable", "account_type": "ASSET", "debit": "0.00", "credit": "150.00", "content_type": 14, "object_id": 12, "created_at": "2026-01-10T13:39:48.677Z"}}, {"model": "accounting.ledgerentry", "pk": 125, "fields": {"building": 4, "transaction_date": "2026-01-09", "description": "دفعة مستلمة: PAY-04424AE6", "account_name": "Unearned Revenue", "account_type": "LIABILITY", "debit": "150.00", "credit": "0.00", "content_type": 14, "object_id": 12, "created_at": "2026-01-10T13:39:48.677Z"}}, {"model": "accounting.ledgerentry", "pk": 126, "fields": {"building": 4, "transaction_date": "2026-01-09", "description": "دفعة مستلمة: PAY-04424AE6", "account_name": "Rental Income", "account_type": "REVENUE", "debit": "0.00", "credit": "150.00", "content_type": 14, "object_id": 12, "created_at": "2026-01-10T13:39:48.677Z"}}, {"model": "accounting.ledgerentry", "pk": 127, "fields": {"building": 4, "transaction_date": "2026-01-10", "description": "دفعة مستلمة (شيك): PAY-3AD98222", "account_name": "PDC In Hand", "account_type": "ASSET", "debit": "600.00", "credit": "0.00", "content_type": 14, "object_id": 13, "created_at": "2026-01-10T19:15:10.820Z"}}, {"model": "accounting.ledgerentry", "pk": 128, "fields": {"building": 4, "transaction_date": "2026-01-10", "description": "دفعة مستلمة (شيك): PAY-3AD98222", "account_name": "Accounts Receivable", "account_type": "ASSET", "debit": "0.00", "credit": "600.00", "content_type": 14, "object_id": 13, "created_at": "2026-01-10T19:15:10.820Z"}}, {"model": "accounting.ledgerentry", "pk": 129, "fields": {"building": 4, "transaction_date": "2026-01-15", "description": "تحصيل شيك: 000123", "account_name": "Bank / Cash", "account_type": "ASSET", "debit": "600.00", "credit": "0.00", "content_type": 18, "object_id": 1, "created_at": "2026-01-10T19:17:25.934Z"}}, {"model": "accounting.ledgerentry", "pk": 130, "fields": {"building": 4, "transaction_date": "2026-01-15", "description": "تحصيل شيك: 000123", "account_name": "PDC In Hand", "account_type": "ASSET", "debit": "0.00", "credit": "600.00", "content_type": 18, "object_id": 1, "created_at": "2026-01-10T19:17:25.934Z"}}, {"model": "accounting.ledgerentry", "pk": 131, "fields": {"building": 4, "transaction_date": "2026-01-15", "description": "تحصيل شيك: 000123", "account_name": "Unearned Revenue", "account_type": "LIABILITY", "debit": "600.00", "credit": "0.00", "content_type": 18, "object_id": 1, "created_at": "2026-01-10T19:17:25.934Z"}}, {"model": "accounting.ledgerentry", "pk": 132, "fields": {"building": 4, "transaction_date": "2026-01-15", "description": "تحصيل شيك: 000123", "account_name": "Rental Income", "account_type": "REVENUE", "debit": "0.00", "credit": "600.00", "content_type": 18, "object_id": 1, "created_at": "2026-01-10T19:17:25.934Z"}}, {"model": "accounting.ledgerentry", "pk": 133, "fields": {"building": 4, "transaction_date": "2026-01-10", "description": "دفعة مستلمة (شيك): PAY-3ACDAD85", "account_name": "PDC In Hand", "account_type": "ASSET", "debit": "1200.00", "credit": "0.00", "content_type": 14, "object_id": 14, "created_at": "2026-01-10T19:19:13.743Z"}}, {"model": "accounting.ledgerentry", "pk": 134, "fields": {"building": 4, "transaction_date": "2026-01-10", "description": "دفعة مستلمة (شيك): PAY-3ACDAD85", "account_name": "Accounts Receivable", "account_type": "ASSET", "debit": "0.00", "credit": "1200.00", "content_type": 14, "object_id": 14, "created_at": "2026-01-10T19:19:13.743Z"}}, {"model": "accounting.ledgerentry", "pk": 135, "fields": {"building": 4, "transaction_date": "2026-01-30", "description": "تحصيل شيك: 0001234", "account_name": "Bank / Cash", "account_type": "ASSET", "debit": "1200.00", "credit": "0.00", "content_type": 18, "object_id": 2, "created_at": "2026-01-10T19:20:27.557Z"}}, {"model": "accounting.ledgerentry", "pk": 136, "fields": {"building": 4, "transaction_date": "2026-01-30", "description": "تحصيل شيك: 0001234", "account_name": "PDC In Hand", "account_type": "ASSET", "debit": "0.00", "credit": "1200.00", "content_type": 18, "object_id": 2, "created_at": "2026-01-10T19:20:27.557Z"}}, {"model": "accounting.ledgerentry", "pk": 137, "fields": {"building": 4, "transaction_date": "2026-01-30", "description": "تحصيل شيك: 0001234", "account_name": "Unearned Revenue", "account_type": "LIABILITY", "debit": "1200.00", "credit": "0.00", "content_type": 18, "object_id": 2, "created_at": "2026-01-10T19:20:27.557Z"}}, {"model": "accounting.ledgerentry", "pk": 138, "fields": {"building": 4, "transaction_date": "2026-01-30", "description": "تحصيل شيك: 0001234", "account_name": "Rental Income", "account_type": "REVENUE", "debit": "0.00", "credit": "1200.00", "content_type": 18, "object_id": 2, "created_at": "2026-01-10T19:20:27.558Z"}}]